strDrink,strCategory,strGlass,strIngredients,Basic_taste,strInstructions
1-900-FUK-MEUP,Shot,Old-fashioned glass,"['Cranberry Juice', 'Pineapple Juice']",sweet,Shake ingredients in a mixing tin filled with ice cubes. Strain into a rocks glass.
151 Florida Bushwacker,Milk / Float / Shake,Beer mug,"['Milk', 'Vanilla Ice-Cream']",cream,Combine all ingredients. Blend until smooth. Garnish with chocolate shavings if desired.
155 Belmont,Cocktail,White wine glass,['Orange Juice'],sweet,Blend with ice. Serve in a wine glass. Garnish with carrot.
3-Mile Long Island Iced Tea,Ordinary Drink,Collins Glass,"['Coca-Cola', 'Sweet And Sour', 'Lemon']",sour,Fill 14oz glass with ice and alcohol. Fill 2/3 glass with cola and remainder with sweet & sour. Top with dash of bitters and lemon wedge.
410 Gone,Ordinary Drink,Collins Glass,['Coca-Cola'],sweet,"Pour 2oz Vodka into a low ball glass, top up with Coke."
50/50,Ordinary Drink,Collins Glass,['Orange Juice'],sweet,fill glass with crushed ice. Add vodka. Add a splash of grand-marnier. Fill with o.j.
501 Blue,Ordinary Drink,Collins Glass,"['Sour Mix', '7-Up']",sweet,Mix equal amounts into a glass with ice.
69 Special,Ordinary Drink,Collins Glass,"['7-Up', 'Lemon Juice']",sour,"Pour 2 oz. gin. Add 4 oz. 7-up. Add Lemon Juice for flavor. If you are weak, top up glass with more 7-Up."
9 1/2 Weeks,Cocktail,Cocktail glass,['Orange Juice'],sweet,Combine all ingredients in glass mixer. Chill and strain into Cocktail glass. Garnish with sliced strawberry.
A Day at the Beach,Ordinary Drink,Highball glass,"['Grenadine', 'Orange Juice']",sweet,"Shake Rum, Amaretto, and Orange Juice in a shaker filled with ice. Strain over ice into a highball glass. Add Grenadine and garnish with a Pineapple Wedge and a Strawberry."
A Furlong Too Late,Ordinary Drink,Highball glass,"['Ginger Beer', 'Lemon Peel']",sour,Pour the rum and ginger beer into a highball glass almost filled with ice cubes. Stir well. Garnish with the lemon twist.
A Gilligan's Island,Cocktail,Collins glass,"['Cranberry Juice', 'Orange Juice']",sweet,"Shaken, not stirred!"
A Night In Old Mandalay,Ordinary Drink,Highball glass,"['Ginger Ale', 'Lemon Peel', 'Lemon Juice', 'Orange Juice']",sweet,"In a shaker half-filled with ice cubes, combine the light rum, añejo rum, orange juice, and lemon juice. Shake well. Strain into a highball glass almost filled with ice cubes. Top with the ginger ale. Garnish with the lemon twist."
A Piece of Ass,Other/Unknown,Highball glass,['Sour Mix'],sour,Put ice in glass. Pour in shots. Fill with Sour Mix.
A Splash of Nash,Shot,Highball glass,"['Soda Water', 'Cranberry Juice']",sour,Drop shot glass with banana & melon liquers into a 9 oz hi- ball glass containing soda water and cranberry juice. Drink in one shot.
A True Amaretto Sour,Cocktail,Old-fashioned glass,"['Lemon', 'Maraschino Cherry']",sweet,"Rub the rim of an old fashioned glass with lemon, and dip repeatedly into granulated sugar until it has a good ""frosted"" rim. Shake a jigger of Amaretto with the juice of 1/2 a lemon. Strain into glass and add ice. Garnish with a Marachino Cherry."
A midsummernight dream,Ordinary Drink,Collins Glass,"['Strawberries', 'Schweppes Russchian']",bitter,"Mix the strawberrys in a blender Pour it together with the vodka,kirch and strawberry liquer over ice in a shaker. Shake well and pour in a highballglass. Fill up with the Russchian water"
A. J.,Ordinary Drink,Cocktail glass,['Grapefruit Juice'],bitter,"Shake ingredients with ice, strain into a cocktail glass, and serve."
A.D.M. (After Dinner Mint),Cocktail,Irish coffee cup,['Hot Chocolate'],cream,shake vigorously
A1,Cocktail,Cocktail glass,"['Grenadine', 'Lemon Juice']",sour,"Pour all ingredients into a cocktail shaker, mix and serve over ice into a chilled glass."
AT&T,Ordinary Drink,Highball Glass,['Tonic Water'],water,"Pour Vodka and Gin over ice, add Tonic and Stir"
Abbey Cocktail,Ordinary Drink,Cocktail glass,"['Orange', 'Cherry']",sweet,Shake all ingredients (except for the cherry) with ice and strain into a cocktail glass. Top with the cherry and serve.
Abbey Martini,Cocktail,Cocktail glass,['Orange Juice'],sweet,"Put all ingredients into a shaker and mix, then strain contents into a chilled cocktail glass."
Abilene,Ordinary Drink,Highball glass,"['Peach Nectar', 'Orange Juice']",sweet,Pour all of the ingredients into a highball glass almost filled with ice cubes. Stir well.
Absolut Sex,Shot,Old-fashioned glass,"['Sprite', 'Cranberry Juice']",sour,"Shake Absolut Kurant, Midori, and Cranberry juice in shaker with ice: Strain into rocks glass: Splash of seven on top.Absolut Sex."
Absolut Stress #2,Ordinary Drink,Collins Glass,"['Pineapple Juice', 'Cranberry Juice']",sour,Mix well. Garnish with Orange and Cherry. Enjoy
Absolut Summertime,Cocktail,Collins glass,"['Sprite', 'Lemon', 'Sweet And Sour', 'Soda Water']",sweet,Add all ingredients except lemon to shaker filled with ice. Cover and shake vigorously. Strain contents into ice filled collins glass. Garnish with lemon.
Absolut limousine,Other/Unknown,Collins Glass,"['Lime Juice', 'Tonic Water']",water,Fill Absolut into a glass. Add Lime juice. Add Ice and lime wedges.
Absolutely Cranberry Smash,Ordinary Drink,Cocktail glass,"['Ginger Ale', 'Cranberry Juice']",sour,Stir ingredients together. Serve over ice.
Absolutely Fabulous,Cocktail,Champagne flute,['Cranberry Juice'],sour,Mix the Vodka and Cranberry juice together in a shaker and strain into a glass. Top up with Champagne.
Absolutly Screwed Up,Cocktail,Collins glass,"['Ginger Ale', 'Orange Juice']",sweet,"Shake it up it tasts better that way, but you can stir it if you want. 6 of those and you will be wasted for the rest of the night."
Acapulco,Ordinary Drink,Old-fashioned glass,"['Mint', 'Egg White', 'Lime Juice', 'Sugar']",sweet,Combine and shake all ingredients (except mint) with ice and strain into an old-fashioned glass over ice cubes. Add the sprig of mint and serve.
Ace,Cocktail,Martini Glass,"['Milk', 'Grenadine', 'Egg White', 'Heavy Cream']",cream,Shake all the ingredients in a cocktail shaker and ice then strain in a cold glass.
Adam,Ordinary Drink,Cocktail glass,"['Lemon Juice', 'Grenadine']",sweet,"In a shaker half-filled with ice cubes, combine all of the ingredients. Shake well. Strain into a cocktail glass."
Adam & Eve,Cocktail,Cocktail glass,['Fresh Lemon Juice'],sour,Shake together all the ingredients and strain into a cold glass.
Adam Bomb,Punch / Party Drink,Margarita/Coupette glass,"['Salt', 'Fruit Juice']",sweet,"Add ice to blender (or to glass if prefer on the rocks) then fruit, and fruite juice depending on personal prefference then add the Rum, Vodka, Tequila, and triple sec. blend till smooth, rim glass with sugar or salt and pour mixture in. garnish with lemon or lime slice."
Adam Sunrise,Ordinary Drink,Collins Glass,"['Water', 'Sugar', 'Lemonade']",sour,"Fill blender up with ice. Fill half with Bartons Vodka. Put 10 tsp of sugar, add 1/2 can lemonade concentrate, fill to top with water. Blend for 60 seconds."
Addington,Cocktail,Cocktail glass,['Soda Water'],sweet,Mix both the vermouth's in a shaker and strain into a cold glass. Top up with a squirt of Soda Water. 
Addison Special,Cocktail,Old-fashioned glass,"['Grenadine', 'Orange Juice']",sweet,Combine ingredients in the order listed into a shaker. Fill half full with ice and shake well. Strain into glass with ice and garnish with a cherry and orange wedge.
Adios Amigos Cocktail,Cocktail,Martini Glass,"['Fresh Lime Juice', 'Sugar Syrup', 'Water']",water,Shake together all the ingredients and strain into a cold glass.
Affair,Ordinary Drink,Highball glass,"['Orange Juice', 'Cranberry Juice', 'Club Soda']",sweet,"Pour schnapps, orange juice, and cranberry juice over ice in a highball glass. Top with club soda and serve."
After Dinner Cocktail,Ordinary Drink,Cocktail glass,"['Lime', 'Lime']",sour,Shake all ingredients (except lime wedge) with ice and strain into a cocktail glass. Add the wedge of lime and serve.
After Supper Cocktail,Ordinary Drink,Cocktail glass,['Lemon Juice'],sour,"Shake all ingredients with ice, strain into a cocktail glass, and serve."
After sex,Ordinary Drink,Highball glass,['Orange Juice'],sweet,Pour the vodka and creme over some ice cubes in a tall glass and fill up with juice. to make it beuty full make the top of the glass with a grenadine and sugar
Afternoon,Coffee / Tea,Collins Glass,"['Cream', 'Coffee Hot']",bitter,"Build into a suiting glass, with no ice. Cream on top if wanted. Served directly."
Alabama Slammer,Ordinary Drink,Highball glass,['Lemon Juice'],sour,"Pour all ingredients (except for lemon juice) over ice in a highball glass. Stir, add a dash of lemon juice, and serve."
Alaska Cocktail,Ordinary Drink,Cocktail glass,['Lemon Peel'],sour,"Stir all ingredients with ice, strain contents into a cocktail glass. Drop in a twist of lemon and serve."
Alexander,Ordinary Drink,Cocktail glass,"['Nutmeg', 'Light Cream']",cream,Shake all ingredients with ice and strain contents into a cocktail glass. Sprinkle nutmeg on top and serve.
Alfie Cocktail,Ordinary Drink,Cocktail glass,['Pineapple Juice'],sweet,"Combine and shake all ingredients with ice, strain into a cocktail glass, and serve."
Algonquin,Ordinary Drink,Cocktail glass,['Pineapple Juice'],sweet,"Combine and shake all ingredients with ice, strain contents into a cocktail glass, and serve."
Allegheny,Ordinary Drink,Cocktail glass,"['Lemon Peel', 'Lemon Juice']",sour,Shake all ingredients (except lemon peel) with ice and strain into a cocktail glass. Top with the twist of lemon peel and serve.
Allies Cocktail,Ordinary Drink,Cocktail glass,['Kummel'],spicy,"Stir all ingredients with ice, strain contents into a cocktail glass, and serve."
Almeria,Ordinary Drink,Cocktail glass,['Egg White'],egg,"In a shaker half-filled with ice cubes, combine all of the ingredients. Shake well. Strain into a cocktail glass."
Almond Chocolate Coffee,Ordinary Drink,Coffee mug,['Coffee'],bitter,Pour in order into coffee cup. Top with whipped creme and chocolate shcvings.
Almond Joy,Ordinary Drink,Cocktail glass,['Light Cream'],cream,"Shake all ingredients with ice, strain into a cocktail glass, and serve."
Amaretto And Cream,Ordinary Drink,Cocktail glass,['Light Cream'],cream,"Shake well with cracked ice, strain contents into a cocktail glass, and serve."
Amaretto Mist,Ordinary Drink,Old-fashioned glass,['Lime'],sour,"Pour amaretto in an old-fashioned glass over crushed ice. Add the wedge of lime and serve. (A wedge of lemon may be substituted for lime, if preferred.)"
Amaretto Rose,Ordinary Drink,Collins glass,"['Lime Juice', 'Club Soda']",sweet,Pour amaretto and lime juice over ice in a collins glass. Fill with club soda and serve.
Amaretto Shake,Ordinary Drink,Collins Glass,['Chocolate Ice-Cream'],cream,Combine all ingredients in a blender and blend at high speed until smooth. Serve in chilled glass garnished with bittersweet chocolate shavings.
Amaretto Sour,Ordinary Drink,Collins Glass,['Sour Mix'],sour,Shake and strain. Garnish with a cherry and an orange slice.
Amaretto Stone Sour,Other/Unknown,Collins Glass,"['Orange Juice', 'Sour Mix']",sour,Shake and Serve over ice
Amaretto Stone Sour #3,Other/Unknown,Highball glass,"['Orange Juice', 'Sour Mix']",sour,"Shake sour mix, tequila and amaretto with ice. Strain into highball glass. Add a splash of OJ. Garnish with orange slice and a cherry."
Amaretto Sunrise,Ordinary Drink,Collins Glass,"['Grenadine', 'Orange Juice']",sweet,Mix together the amaretto and orange juice. Pour into glass and then add the grenadine untill you see the sunrise.
Amaretto Sweet & Sour,Punch / Party Drink,Margarita/Coupette glass,"['Pineapple Juice', 'Sweet And Sour']",sweet,"Fill the blender with 3/4 ice. Add sweet & sour mix to the top of the ice. Add about 1"" of pineapple juice, 1/2"" of melon liqeur, and 1/2 to 1/4"" of amaretto. Then blend the mix until it is of margaritta consistency or thinner."
Amaretto Tea,Ordinary Drink,Pousse cafe glass,"['Whipped Cream', 'Tea Hot']",bitter,"Pour hot tea into a pousse-cafe glass, using a spoon in glass to prevent cracking. Add amaretto, but do not stir. Top with chilled whipped cream and serve."
Americano,Ordinary Drink,Collins glass,"['Lemon Peel', 'Orange Peel']",sweet,"Pour the Campari and vermouth over ice into glass, add a splash of soda water and garnish with half orange slice."
Apple Cider Punch #1,Punch / Party Drink,Collins Glass,"['Allspice', 'Orange Juice Frozen', 'Cinnamon', 'Lemonade Frozen', 'Cloves', 'Nutmeg Ground', 'Brown Sugar']",sweet,"If you use the whole all spice and cloves, tie them in cheesecloth. Heat the mixture. Stir occasionally. If you want an alcoholic drink, rum would be nice."
Apple Pie with A Crust,Other/Unknown,Collins Glass,"['Cinnamon', 'Apple Juice']",sweet,Just mix the two liquids and sprinkle in the cinnamon. Serve either cold or heated.
Apple Slammer,Shot,Shot glass,['7-Up'],sweet,"pour into a shot glass and present to consumer, they are expected to cover the top of the shotglass with thier palm, raise the glass, slam it on the bar and the swallow quickly."
Applecar,Ordinary Drink,Cocktail glass,['Lemon Juice'],sour,"Shake all ingredients with ice, strain into a cocktail glass, and serve."
Applejack,Cocktail,Cocktail glass,['Sour Mix'],sour,"Add all ingredients into mixing glass, chill and strain into cocktail glass"
Apricot Lady,Ordinary Drink,Old-fashioned glass,"['Orange', 'Lemon Juice', 'Egg White']",egg,"In a shaker half-filled with ice cubes, combine the rum, apricot brandy, triple sec, lemon juice, and egg white. Shake well. Strain into an old-fashioned glass almost filled with ice cubes. Garnish with the orange slice."
Apricot punch,Punch / Party Drink,Punch bowl,"['Orange Juice', '7-Up']",sweet,Pour all ingrediants into a large punch bowl. Add ice and 4 oranges that are peeled and divided.
Archbishop,Ordinary Drink,Old-fashioned glass,['Lime'],sour,"In an old-fashioned glass almost filled with ice cubes, combine all of the ingredients. Stir well."
Arctic Fish,Punch / Party Drink,Beer pilsner,"['Orange Juice', 'Candy', 'Grape Soda']",sweet,"Fill glass with ice and fish, add vodka, grape soda and orange juice. DO NOT STIR!!!!! Serve well chilled."
Arctic Mouthwash,Punch / Party Drink,Cocktail glass,['Mountain Dew'],sweet,Blend all ingredients in a blender on high until ice is finely crushed. It should be of a slushy consistency. Pour immediately and serve.
Arizona Antifreeze,Shot,Shot glass,['Sweet And Sour'],sweet,Pour all ingredients into shot glass and slam !!!!
Arizona Stingers,Cocktail,Hurricane glass,['Iced Tea Lemon'],sour,Place ice cubes in the hurricane glass . Add the 2 HEAPING shots of Absolute Vodka (Note: You can add as many shots of Absolute as you want!) Fill the rest of glass with the Arizona Icetea with lemon. Stir to mix using a spoon. Drink up and enjoy!!!!!!!
Arizona Twister,Cocktail,Hurricane glass,"['Pineapple', 'Orange Juice', 'Cream Of Coconut', 'Grenadine', 'Pineapple Juice']",sweet,"Just mix in the shots of rum, vodka, and tequila. Add splashes of the three juices, heavy on the pineapple. Top off with grenadine. Crushed ice should already be in glass. Top off the glass with a pineapple wedge."
Army special,Cocktail,Cocktail glass,['Lime Juice Cordial'],sour,"Pour Vodka, Gin and lime cordial into glass, and top up with crushed ice. Wait for ice to melt slightly and sip without a straw."
Arthur Tompkins,Ordinary Drink,Whiskey sour glass,"['Lemon Juice', 'Lemon Peel']",sour,"In a shaker half-filled with ice cubes, combine the gin, Grand Marnier, and lemon juice. Shake well. Strain into a sour glass and garnish with the lemon twist."
Artillery Punch,Punch / Party Drink,Punch bowl,"['Lemon Juice', 'Orange Juice', 'Tea']",bitter,"Combine all the ingredients in a large punch bowl with a block of ice. If found too dry, sugar syrup may be added. Decorate with twists of lemon peel."
Atlantic Sun,Ordinary Drink,Collins Glass,"['Club Soda', 'Passion Fruit Syrup', 'Sweet And Sour']",sweet,"Shake all the ingredients, top the drink with soda. Garnish with a slice of orange."
Atomic Lokade,Ordinary Drink,Collins Glass,"['Lemonade', 'Sugar']",sweet,"In a shaker, place lemonade, vodka, blue Curacao, and triple sec together. Shake with ice and strain into glass. Add sugar to taste"
Autodafé,Ordinary Drink,Highball glass,"['Lime Juice', 'Soda Water']",sweet,Mix and fill up with soda water. Drunk by finns on a sunny day any time of the year and day.
Avalanche,Milk / Float / Shake,Highball glass,['Cream'],cream,"Mix in highball glass over ice, shake well."
Avalon,Ordinary Drink,Highball glass,"['Apple Juice', 'Lemon Juice', 'Lemonade']",sour,"Fill a tall glass with ice. Layer the Finlandia Vodka, lemon and apple juices, Pisang Ambon, and top up with lemonade. Stir slightly and garnish with a spiralled cucumber skin and a red cherry. The cucumber provides zest and looks attractive. This drink, created by Timo Haimi, took first prize in the 1991 Finlandia Vodka Long Drink Competition."
Aviation,Cocktail,Cocktail glass,['Lemon Juice'],sour,Add all ingredients into cocktail shaker filled with ice. Shake well and strain into cocktail glass. Garnish with a cherry.
Aztec Punch,Punch / Party Drink,Punch bowl,"['Lemonade', 'Ginger Ale']",sweet,"Mix all ingredients in a pitcher. Mix thoroughly and pour into whatever is available, the bigger the better! This drink packs a big punch, so don't over do it."
Baby Eskimo,Milk / Float / Shake,Collins Glass,"['Vanilla Ice-Cream', 'Milk']",cream,"Leave ice-cream out for about 10 minutes. Add ingredients in order, stir with chopstick (butter knife or spoon works too). Consume immediately and often. Nice and light, great for following a heavy drink."
Bacardi Cocktail,Ordinary Drink,Cocktail glass,"['Lime Juice', 'Sugar Syrup', 'Grenadine']",sweet,Shake together with ice. Strain into glass and serve.
Bailey's Dream Shake,Soft Drink / Soda,Collins glass,"['Vanilla Ice-Cream', 'Cream']",cream,Blend ingredients for 30 seconds. Definitely refreshing for a hot summer's day !
Banana Daiquiri,Ordinary Drink,Champagne flute,"['Lime Juice', 'Banana', 'Sugar', 'Cherry']",sweet,Pour all ingredients into shaker with ice cubes. Shake well. Strain in chilled cocktail glass.
Barracuda,Ordinary Drink,Margarita glass,"['Pineapple Juice', 'Lime Juice']",sour,"Shake pour ingredients with ice. Strain into glass, top with Sparkling wine."
Belgian Blue,Soft Drink / Soda,Highball glass,['Sprite'],sweet,Just pour all ingredients in the glass and stir...
Bellini Martini,Ordinary Drink,Cocktail glass,"['Lemon Peel', 'Peach Nectar']",sweet,"Add ice cubes to shaker.
Add vodka.
Add peach schnapps.
Add peach nectar.
Shake.
Strain into glass.
Add lemon twist peel."
Bermuda Highball,Ordinary Drink,Highball glass,"['Lemon Peel', 'Carbonated Water']",water,"Pour brandy, gin, and dry vermouth into a highball glass over ice cubes. Fill with carbonated water and stir. Add the twist of lemon and serve. (Ginger ale may be substituted for carbonated water, if preferred.)"
Berry Deadly,Punch / Party Drink,Collins Glass,"['Orange Juice', 'Kool-Aid Tropical Berry']",sweet,Add all ingredients to large bowl. Stir gently. Serve chilled.
Between The Sheets,Ordinary Drink,Cocktail glass,['Lemon Juice'],sour,"Pour all ingredients into shaker with ice cubes, shake, strain into chilled cocktail glass."
Bible Belt,Other/Unknown,Highball glass,"['Sour Mix', 'Lime']",sour,"Mix all ingredients, and pour over ice."
Black Forest Shake,Milk / Float / Shake,Collins Glass,"['Milk', 'Chocolate Syrup']",sweet,"In a blender put ice cubes, chocolate syrup, cherry brandy, vodka, and milk. Blend very well."
Black Russian,Ordinary Drink,Old-fashioned glass,['Coffee Liqueur'],bitter,Pour the ingredients into an old fashioned glass filled with ice cubes. Stir gently.
Black and Brown,Beer,Beer pilsner,['Root Beer'],sweet,CAREFULLY to avoid explosive head formation: Pour Beer glass half full of favorite rootbeer and top off with Guinness.
Blackthorn,Ordinary Drink,Cocktail glass,['Lemon Peel'],sour,Stir sloe gin and vermouth with ice and strain into a cocktail glass. Add the twist of lemon peel and serve.
Bleeding Surgeon,Soft Drink / Soda,Collins glass,"['Orange', 'Surge', 'Cranberry Juice']",sour,"Pour Shot of Rum over slice of orange. Fill the remaining space in glass half way full of surge or similar drink. Finish off glass with cranberry juice. Be carefull, warm surge may foam over the glass."
Blind Russian,Milk / Float / Shake,Collins glass,['Milk'],cream,Fill glass with ice. Add all liquers. Add milk. shake.
Bloody Maria,Ordinary Drink,Old-fashioned glass,"['Lemon Juice', 'Celery Salt', 'Tomato Juice', 'Tabasco Sauce', 'Lemon']",sour,Shake all ingredients (except lemon slice) with cracked ice and strain into an old-fashioned glass over ice cubes. Add the slice of lemon and serve.
Bloody Mary,Ordinary Drink,Old-fashioned glass,"['Lemon Juice', 'Tomato Juice', 'Tabasco Sauce', 'Worcestershire Sauce', 'Lime']",sour,"Stirring gently, pour all ingredients into highball glass. Garnish."
Blue Lagoon,Ordinary Drink,Highball glass,"['Lemonade', 'Cherry']",sweet,"Pour vodka and curacao over ice in a highball glass. Fill with lemonade, top with the cherry, and serve."
Blue Margarita,Ordinary Drink,Cocktail glass,"['Lime Juice', 'Salt']",salty,"Rub rim of cocktail glass with lime juice. Dip rim in coarse salt. Shake tequila, blue curacao, and lime juice with ice, strain into the salt-rimmed glass, and serve."
Blue Mountain,Ordinary Drink,Old-fashioned glass,"['Orange Juice', 'Lemon Juice']",sour,"In a shaker half-filled with ice cubes, combine all of the ingredients. Shake well. Strain into an old-fashioned glass alomst filled with ice cubes."
Bluebird,Ordinary Drink,Cocktail glass,"['Maraschino Cherry', 'Lemon Peel']",sour,"In a mixing glass half-filled with crushed ice, combine the gin, triple sec, Curacao, and bitters. Stir well. Strain into a cocktail glass and garnish with the lemon twist and the cherry."
Bobby Burns Cocktail,Ordinary Drink,Cocktail glass,['Lemon Peel'],sour,Stir all ingredients (except lemon peel) with ice and strain into a cocktail glass. Add the twist of lemon peel and serve.
Boomerang,Ordinary Drink,Cocktail glass,['Maraschino Cherry'],sweet,"In a mixing glass half-filled with ice cubes, combine the gin, vermouth, bitters, and maraschino liqueur. Stir well. Strain into a cocktail glass and garnish with the cherry."
Boozy Snickers Milkshake,Milk / Float / Shake,Mason jar,"['Caramel Sauce', 'Mini-Snickers Bars', 'Vanilla Ice-Cream', 'Milk', 'Chocolate Sauce', 'Whipped Cream']",cream,"Place the snickers bars in a plastic bag and roll over them with a rolling pin until crushed. Add crushed snickers pieces, ice cream, milk, caramel sauce, chocolate sauce, and chocolate liquor to a blender. Blend until shake is thick and frothy. Pour into glasses and top with chocolate liquor and whip cream."
Boston Sidecar,Ordinary Drink,Cocktail glass,['Lime'],sour,"Shake all ingredients with ice, strain into a cocktail glass, and serve."
Boston Sour,Ordinary Drink,Whiskey sour glass,"['Egg White', 'Powdered Sugar', 'Lemon', 'Lemon', 'Cherry']",sweet,"Shake juice of lemon, powdered sugar, blended whiskey, and egg white with cracked ice and strain into a whiskey sour glass. Add the slice of lemon, top with the cherry, and serve."
Bourbon Sling,Ordinary Drink,Highball glass,"['Lemon Juice', 'Water', 'Sugar Superfine', 'Lemon Peel']",sour,"In a shaker half-filled with ice cubes, combine the sugar, water, lemon juice, and bourbon. Shake well. Strain well. Strain into a highball glass. Garnish with the lemon twist."
Bourbon Sour,Ordinary Drink,Whiskey sour glass,"['Sugar Superfine', 'Maraschino Cherry', 'Lemon Juice', 'Orange']",sweet,"In a shaker half-filled with ice cubes, combine the bourbon, lemon juice, and sugar. Shake well. Strain into a whiskey sour glass, garnish with the orange slice and cherry."
Boxcar,Ordinary Drink,Whiskey sour glass,"['Lemon Juice', 'Grenadine', 'Egg White']",egg,"In a shaker half-filled with ice cubes, combine all of the ingredients. Shake well. Strain into a sour glass."
Brain Fart,Punch / Party Drink,Punch bowl,"['Mountain Dew', 'Lemon Juice', 'Surge']",sweet,Mix all ingredients together. Slowly and gently. Works best if ice is added to punch bowl and soda's are very cold.
Brainteaser,Shot,Shot Glass,['Erin Cream'],cream,"layered erin first, then sambuca and then avocart(should sit in middle of other two. To drink: use a straw to suck up avocart then shot the rest and then suck fumes up through straw."
Bramble,Ordinary Drink,Old-Fashioned glass,"['Lemon Juice', 'Sugar Syrup']",sweet,"Fill glass with crushed ice. Build gin, lemon juice and simple syrup over. Stir, and then pour blackberry liqueur over in a circular fashion to create marbling effect. Garnish with two blackberries and lemon slice."
Brandon and Will's Coke Float,Soft Drink / Soda,Beer mug,"['Vanilla Ice-Cream', 'Coca-Cola']",sweet,"Scoop two large scoops of vanilla ice-cream into frosted beer mug. Next, add 2 ounces Maker's Mark. Then, pour in coke. Gently stir and enjoy."
Brandy Alexander,Ordinary Drink,Cocktail glass,"['Light Cream', 'Nutmeg']",spicy,Shake all ingredients (except nutmeg) with ice and strain contents into a cocktail glass. Sprinkle nutmeg on top and serve.
Brandy Cobbler,Ordinary Drink,Old-fashioned glass,"['Sugar Superfine', 'Club Soda', 'Lemon', 'Orange', 'Maraschino Cherry']",sweet,"In an old-fashioned glass, dissolve the sugar in the club soda. Add crushed ice until the glass is almost full. Add the brandy. Stir well. Garnish with the cherry and the orange and lemon slices."
Brandy Flip,Ordinary Drink,Whiskey sour glass,"['Egg', 'Sugar Superfine', 'Light Cream', 'Nutmeg Grated']",spicy,"In a shaker half-filled with ice cubes, combine the brandy, egg, sugar, and cream. Shake well. Strain into a sour glass and garnish with the nutmeg."
Brandy Sour,Ordinary Drink,Whiskey sour glass,"['Lemon', 'Powdered Sugar', 'Cherry', 'Lemon']",sour,"Shake brandy, juice of lemon, and powdered sugar with ice and strain into a whiskey sour glass. Decorate with the lemon slice, top with the cherry, and serve."
Brave Bull Shooter,Shot,Shot glass,['Tabasco Sauce'],spicy,Pour Tabasco into bottom of shot glass and fill with tequila.
Bruce's Puce,Shot,Shot glass,['Grenadine'],sweet,"In a regular-sized shot glass, layer, with a spoon or cherry, the grenadine , the Kahlua , then the Bailey's Irish cream in equal portions. It goes down really smooth ,and you don't even need a chaser. It tastes just like chocolate milk.(Really!)"
Bruised Heart,Shot,Shot glass,['Cranberry Juice'],sour,"Pour all ingredients in a mixing tin over ice, stir, and strain into shot glass"
Bubble Gum,Shot,Shot glass,['Orange Juice'],sweet,Layer in order into a shot glass.
Butter Baby,Milk / Float / Shake,Beer mug,"['Milk', 'Vanilla Ice-Cream']",cream,Blend together in a blender. Serve in a chilled Beer mug with Fresh Blueberries and caramel for topping.
Cafe Savoy,Coffee / Tea,Coffee mug,"['Coffee', 'Milk']",cream,"Fill mug almost to top with coffee.Add milk, triple sec and brandy. Stir."
Caipirinha,Ordinary Drink,Old-fashioned glass,"['Sugar', 'Lime']",sour,Place lime and sugar into old fashioned glass and muddle (mash the two ingredients together using a muddler or a wooden spoon). Fill the glass with ice and add the Cachaça.
Caipirissima,Ordinary Drink,Collins Glass,"['Lime', 'Sugar']",sweet,Same as Caipirinha but instead of cachaca you add WHITE RUM. It's great!!!!!!!!
California Lemonade,Ordinary Drink,Collins glass,"['Grenadine', 'Carbonated Water', 'Powdered Sugar', 'Lemon', 'Lime']",sour,Shake all ingredients (except carbonated water) with ice and strain into a collins glass over shaved ice. Fill with carbonated water and stir. Decorate with slices of orange and lemon. Add the cherry and serve with a straw.
California Root Beer,Soft Drink / Soda,Highball glass,['Soda Water'],sweet,Put Kahlua and Galliano in highball glass fill with soda
Casino,Ordinary Drink,Cocktail glass,"['Cherry', 'Lemon Juice']",sour,Pour all ingredients into shaker with ice cubes. Shake well. Strain into chilled cocktail glass. Garnish with a lemon twist and a maraschino cherry. Serve without a straw.
Casino Royale,Ordinary Drink,Whiskey sour glass,"['Lemon Juice', 'Egg Yolk']",egg,"In a shaker half-filled with ice cubes, combine all of the ingredients. Shake well. Strain into a sour glass."
Champagne Cocktail,Ordinary Drink,Champagne flute,"['Lemon Peel', 'Sugar']",sweet,Add dash of Angostura bitter onto sugar cube and drop it into champagne flute. Add cognac followed by gently pouring chilled champagne. Garnish with orange slice and maraschino cherry.
Cherry Electric Lemonade,Cocktail,Pint glass,"['Sweet And Sour', 'Club Soda', 'Cherry Grenadine']",sweet,Now stir vigorously and then pour over a large cup of ice. Now drink it with a straw and stir occasionally.
Cherry Rum,Ordinary Drink,Cocktail glass,['Light Cream'],cream,"Shake all ingredients with ice, strain into a cocktail glass, and serve."
Chicago Fizz,Ordinary Drink,Highball glass,"['Lemon', 'Egg White', 'Carbonated Water', 'Powdered Sugar']",sweet,"Shake all ingredients (except carbonated water) with ice and strain into a highball glass over two ice cubes. Fill with carbonated water, stir, and serve."
Chocolate Black Russian,Ordinary Drink,Champagne flute,['Chocolate Ice-Cream'],cream,Combine all ingredients in an electric blender and blend at a low speed for a short length of time. Pour into a chilled champagne flute and serve.
Chocolate Milk,Shot,Shot Glass,['Milk'],cream,"Put the milk in the bottom, pour the Liquer on top and add the dash of amaretto. Do not mix. SLAM IT!"
Chocolate Monkey,Milk / Float / Shake,Parfait glass,"['Chocolate Ice-Cream', 'Chocolate Syrup', 'Banana', 'Chocolate Milk', 'Whipped Cream', 'Cherry']",sweet,"blend liqeuors with ice-cream, milk and syrup. pour into parfait glass, top with whipped cream and garnish with banana and cherry."
Citrus Coke,Soft Drink / Soda,Highball Glass,['Coca-Cola'],sweet,Pour half of coke in a glass. Then add Bacardi and top it off with the remaining coke. Stir and drink up!
City Slicker,Ordinary Drink,Cocktail glass,['Lemon Juice'],sour,"In a shaker half-filled with ice cubes, combine all of the ingredients. Shake well. Strain into a cocktail glass."
Classic Old-Fashioned,Ordinary Drink,Old-fashioned glass,"['Water', 'Sugar', 'Orange', 'Maraschino Cherry']",sweet,"In an old-fashioned glass, muddle the bitters and water into the sugar cube, using the back of a teaspoon. Almost fill the glass with ice cubes and add the bourbon. Garnish with the orange slice and the cherry. Serve with a swizzle stick."
Clover Club,Ordinary Drink,Cocktail glass,"['Grenadine', 'Lemon', 'Egg White']",egg,"Dry shake ingredients to emulsify, add ice, shake and served straight up."
Cosmopolitan,Cocktail,Cocktail glass,"['Cranberry Juice', 'Lime Juice']",sour,Add all ingredients into cocktail shaker filled with ice. Shake well and double strain into large cocktail glass. Garnish with lime wheel.
Cosmopolitan Martini,Cocktail,Cocktail Glass,"['Lime', 'Cranberry Juice']",sour,"Pour all ingredients in mixing glass half filled with ice, shake and strain into chilled Martini glass."
Cream Soda,Cocktail,Highball glass,['Ginger Ale'],sweet,Pour 1oz of Spiced Rum into a highball glass with ice. Fill with Ginger Ale.
Cuba Libra,Ordinary Drink,Highball glass,"['Lime', 'Coca-Cola']",sweet,Fill tall glass with ice cubes. Add rum. Rub cut edge of lime on rim of glass then squeeze juice into glass. Fill with Coca-Cola. Garnish with lime slice. Enjoy!
Cuba Libre,Ordinary Drink,Highball glass,"['Lime', 'Coca-Cola']",sweet,Build all ingredients in a Collins glass filled with ice. Garnish with lime wedge.
Daiquiri,Ordinary Drink,Cocktail glass,"['Lime', 'Powdered Sugar']",sweet,Pour all ingredients into shaker with ice cubes. Shake well. Strain in chilled cocktail glass.
Danbooka,Coffee / Tea,Coffee Mug,['Coffee'],bitter,pour it in and mix it.
Dark Caipirinha,Cocktail,Highball glass,"['Lime', 'Demerara Sugar']",sweet,"Muddle the sugar into the lime wedges in an old-fashioned glass.
Fill the glass with ice cubes.
Pour the cachaca into the glass.
Stir well."
Dark and Stormy,Ordinary Drink,Highball glass,['Ginger Beer'],sweet,In a highball glass filled with ice add 6cl dark rum and top with ginger beer. Garnish with lime wedge.
Darkwood Sling,Soft Drink / Soda,Cocktail glass,"['Orange Juice', 'Soda Water']",sweet,"There are many good cherry liqueurs you can use, but I prefere Heering. Add one share of the liqueur. Then you add one share of Soda. For a sour sling use Tonic (most people prefer the drink without Tonic). Afterwards you fill the glass with Orange Juice and ice cubes."
Derby,Ordinary Drink,Cocktail glass,['Mint'],mint,Pour all ingredients into a mixing glass with ice. Stir. Strain into a cocktail glass. Garnish with a sprig of fresh mint in the drink.
Diesel,Beer,Pint glass,['Blackcurrant Cordial'],sweet,Pour the lager first then add the blackcurrant cordial. Top up with the cider. The colour sholud be very dark approaching the colour of Guiness.
Dirty Martini,Cocktail,Cocktail glass,"['Lemon', 'Olive', 'Olive Brine']",salty,"Pour the vodka, dry vermouth and olive brine into a cocktail shaker with a handful of ice and shake well.
Rub the rim of a martini glass with the wedge of lemon.
Strain the contents of the cocktail shaker into the glass and add the olive.
A dirty Martini contains a splash of olive brine or olive juice and is typically garnished with an olive."
Downshift,Punch / Party Drink,Hurricane glass,"['Sprite', 'Fruit Punch']",sweet,"Start with the Sprite. Next comes the tequila. After that, add the Minute Maid Fruit Punch, then float the 151. Rocks optional."
Dragonfly,Ordinary Drink,Highball glass,"['Ginger Ale', 'Lime']",sour,"In a highball glass almost filled with ice cubes, combine the gin and ginger ale. Stir well. Garnish with the lime wedge."
Dry Rob Roy,Ordinary Drink,Cocktail glass,['Lemon Peel'],sour,"In a mixing glass half-filled with ice cubes, combine the Scotch and vermouth. Stir well. Strain into a cocktail glass. Garnish with the lemon twist."
Dubonnet Cocktail,Ordinary Drink,Cocktail glass,['Lemon Peel'],sour,Stir all ingredients (except lemon peel) with ice and strain into a cocktail glass. Add the twist of lemon peel and serve.
Duchamp's Punch,Cocktail,Old-fashioned glass,"['Lime Juice', 'Lavender', 'Pepper', 'Pineapple Syrup', 'St. Germain']",sweet,"Shake all ingredients.
Double strain in a chilled double old fashioned glass with abig ice cube.
Garnish with a couple of lavender sprigs"
Egg Nog #4,Punch / Party Drink,Punch bowl,"['Vanilla Extract', 'Salt', 'Whipping Cream', 'Egg White', 'Milk', 'Sugar', 'Nutmeg', 'Egg Yolk', 'Sugar']",sweet,"In a small mixer bowl beat egg yolks till blended. Gradually add 1/4 cup sugar, beating at high speed till thick and lemon colored. Stir in milk, stir in rum, bourbon, vanilla, and salt. Chill thoroughly. Whip cream. Wash beaters well. In a large mixer bowl beat egg whites till soft peaks form. Gradually add remaining 1/4 cup sugar, beating to stiff peaks. Fold yolk mixture and whipped cream into egg whites. Serve immediately. Sprinkle nutmeg over each serving. Serve in a punch bowl or another big bowl. NOTE: For a nonalcoholic eggnog, prepare Eggnog as above, except omit the bourbon and rum and increase the milk to 3 cups."
Egg Nog - Healthy,Punch / Party Drink,Collins Glass,"['Nutmeg', 'Sugar', 'Egg', 'Vanilla Extract', 'Condensed Milk Skimmed', 'Milk Skimmed']",cream,"Whip egg substitute and sugar together, combine with the two kinds of milk, vanilla, and rum. Mix well. Chill over night. Sprinkle with nutmeg. Makes 6 servings."
Egg-Nog - Classic Cooked,Punch / Party Drink,Pitcher,"['Egg', 'Vanilla Extract', 'Sugar', 'Milk', 'Salt']",salty,"In large saucepan, beat together eggs, sugar and salt, if desired. Stir in 2 cups of the milk. Cook over low heat, stirring constantly, until mixture is thick enough to coat a metal spoon and reaches 160 degrees F. Remove from heat. Stir in remaining 2 cups milk and vanilla. Cover and regfigerate until thoroughly chilled, several hours or overnight. Just before serving, pour into bowl or pitcher. Garnish or add stir-ins, if desired. Choose 1 or several of: Chocolate curls, cinnamon sticks, extracts of flavorings, flavored brandy or liqueur, fruit juice or nectar, ground nutmeg, maraschino cherries, orange slices, peppermint sticks or candy canes, plain brandy, run or whiskey, sherbet or ice-cream, whipping cream, whipped. Serve immediately."
English Highball,Ordinary Drink,Highball glass,"['Lemon Peel', 'Carbonated Water']",water,"Pour brandy, gin, and sweet vermouth into a highball glass over ice cubes. Fill with carbonated water. Add the twist of lemon peel, stir, and serve. (Ginger ale may be substituted for carbonated water, if preferred.)"
English Rose Cocktail,Ordinary Drink,Cocktail glass,"['Lemon Juice', 'Grenadine', 'Cherry']",sweet,Rub rim of cocktail glass with lemon juice and dip rim of glass in powdered sugar. Shake all ingredients (except cherry) with ice and strain into sugar-rimmed glass. Top with the cherry and serve.
Espresso Martini,Cocktail,Cocktail glass,['Sugar Syrup'],sweet,"Pour ingredients into shaker filled with ice, shake vigorously, and strain into chilled martini glass"
Fahrenheit 5000,Shot,Shot glass,['Tabasco Sauce'],spicy,Cover bottom of shot glass with Tabasco Sauce and then fill with half Firewater and half Absolut Peppar.
Flaming Dr. Pepper,Shot,Collins Glass,['Dr. Pepper'],spicy,"Add Amaretto, Bacardi, and vodka. Mix in the Dr. Pepper and beer"
Flander's Flake-Out,Ordinary Drink,Collins Glass,['Sarsaparilla'],sweet,Bang 'em both in.
Flying Scotchman,Ordinary Drink,Cocktail glass,['Sugar Syrup'],sweet,"Shake all ingredients with ice, strain into a cocktail glass, and serve."
Foxy Lady,Ordinary Drink,Cocktail glass,['Light Cream'],cream,"Shake all ingredients with ice, strain into a chilled cocktail glass, and serve."
French 75,Ordinary Drink,Collins glass,"['Orange', 'Lemon Juice', 'Maraschino Cherry', 'Sugar Superfine']",sweet,"Combine gin, sugar, and lemon juice in a cocktail shaker filled with ice. Shake vigorously and strain into a chilled champagne glass. Top up with Champagne. Stir gently."
French Martini,Cocktail,Cocktail glass,['Pineapple Juice'],sweet,Pour all ingredients into shaker with ice cubes. Shake well and strain into a chilled cocktail glass. Squeeze oil from lemon peel onto the drink.
Frisco Sour,Ordinary Drink,Whiskey sour glass,"['Lemon', 'Lime', 'Lemon', 'Lime']",sour,Shake all ingredients (except slices of lemon and lime) with ice and strain into a whiskey sour glass. Decorate with the slices of lemon and lime and serve.
Frozen Daiquiri,Ordinary Drink,Champagne flute,"['Cherry', 'Sugar', 'Lime Juice']",sour,"Combine all ingredients (except for the cherry) in an electric blender and blend at a low speed for five seconds, then blend at a high speed until firm. Pour contents into a champagne flute, top with the cherry, and serve."
Frozen Mint Daiquiri,Ordinary Drink,Old-fashioned glass,"['Mint', 'Lime Juice', 'Sugar']",sweet,Combine all ingredients with 1 cup of crushed ice in an electric blender. Blend at a low speed for a short length of time. Pour into an old-fashioned glass and serve.
Frozen Pineapple Daiquiri,Ordinary Drink,Champagne flute,"['Sugar', 'Lime Juice', 'Pineapple']",sweet,Combine all ingredients with 1 cup of crushed ice in an electric blender. Blend at a low speed for a short length of time. Pour into a champagne flute and serve.
Fuzzy Asshole,Coffee / Tea,Coffee mug,['Coffee'],bitter,fill coffe mug half full of coffee. Fill the other half full of Peach Schnapps. Stir and drink while hot.
GG,Ordinary Drink,Collins Glass,['Ginger Ale'],sweet,Pour the Galliano liqueur over ice. Fill the remainder of the glass with ginger ale and thats all there is to it. You now have a your very own GG.
Gagliardo,Cocktail,Cocktail glass,"['Lemon Juice', 'Sirup Of Roses']",sweet,"Shake well and serve in a cocktail glass. This is a home cocktail of American/Internet Bar del Pozzo, Pavia, Italy."
Gentleman's Club,Ordinary Drink,Old-fashioned glass,['Club Soda'],sweet,"In an old-fashioned glass almost filled with ice cubes, combine all of the ingredients. Stir well."
Gideon's Green Dinosaur,Ordinary Drink,Collins glass,['Mountain Dew'],sweet,Add all ingredients in collins glass with ice and stir.
Gin And Tonic,Ordinary Drink,Highball glass,"['Lime', 'Tonic Water']",water,Pour the gin and the tonic water into a highball glass almost filled with ice cubes. Stir well. Garnish with the lime wedge.
Gin Cooler,Ordinary Drink,Collins glass,"['Powdered Sugar', 'Carbonated Water', 'Lemon Peel', 'Orange Spiral']",sweet,Stir powdered sugar and 2 oz. carbonated water in a collins glass. Fill glass with ice and add gin. Fill with carbonated water and stir. Add the lemon peel and the orange spiral so that the end of the orange spiral dangles over rim of glass.
Gin Daisy,Ordinary Drink,Old-fashioned glass,"['Maraschino Cherry', 'Sugar Superfine', 'Grenadine', 'Orange', 'Lemon Juice']",sour,"In a shaker half-filled with ice cubes, combine the wine, lemon juice, sugar, and grenadine. Shake well. Pour into an old-fashioned glass and garnish with the cherry and the orange slice."
Gin Fizz,Ordinary Drink,Highball glass,"['Lemon', 'Carbonated Water', 'Powdered Sugar']",sweet,"Shake all ingredients with ice cubes, except soda water. Pour into glass. Top with soda water."
Gin Rickey,Cocktail,Highball glass,"['Soda Water', 'Lime', 'Lemon', 'Grenadine']",sweet,Half-fill a tall glass with ice. Mix the gin and Grenadine together and pour over the ice. Add the lime or lemon juice and top off with soda water. Decorate the glass with lime and/or lemon slices.
Gin Sling,Ordinary Drink,Old-fashioned glass,"['Lemon', 'Water', 'Powdered Sugar', 'Orange Peel']",sweet,Dissolve powdered sugar in mixture of water and juice of lemon. Add gin. Pour into an old-fashioned glass over ice cubes and stir. Add the twist of orange peel and serve.
Gin Smash,Ordinary Drink,Old-fashioned glass,"['Cherry', 'Carbonated Water', 'Orange', 'Sugar', 'Mint']",mint,"Muddle sugar with carbonated water and mint sprigs in an old-fashioned glass. Add gin and 1 ice cube. Stir, add the orange slice and the cherry, and serve."
Gin Sour,Ordinary Drink,Whiskey sour glass,"['Lemon Juice', 'Sugar Superfine', 'Maraschino Cherry', 'Orange']",sweet,"In a shaker half-filled with ice cubes, combine the gin, lemon juice, and sugar. Shake well. Strain into a sour glass and garnish with the orange slice and the cherry."
Gin Squirt,Ordinary Drink,Highball glass,"['Grenadine', 'Pineapple', 'Powdered Sugar', 'Strawberries', 'Carbonated Water']",water,"Stir gin, grenadine, and powdered sugar with ice and strain into a highball glass over ice cubes. Fill with carbonated water and stir. Decorate with the pineapple chunks and the strawberries and serve."
Gin Swizzle,Ordinary Drink,Highball glass,"['Lime Juice', 'Sugar Superfine', 'Club Soda']",sweet,"In a shaker half-filled with ice cubes, combine the lime juice, sugar, gin, and bitters. Shake well. Almost fill a colling glass with ice cubes. Stir until the glass is frosted. Strain the mixture in the shaker into the glass and add the club soda."
Gin Toddy,Ordinary Drink,Old-fashioned glass,"['Water', 'Lemon Peel', 'Powdered Sugar']",sweet,"Mix powdered sugar and water in an old-fashioned glass. Add gin and one ice cube. Stir, add the twist of lemon peel, and serve."
Girl From Ipanema,Ordinary Drink,Wine Glass,"['Agave Syrup', 'Lemon Juice']",sour,"Add the cachaca, lemon juice and syrup to your boston glass. Add ice and shake until ice cold. Pour into a chilled flute and top-up with Champagne"
Gluehwein,Punch / Party Drink,Irish coffee cup,"['Water', 'Cinnamon', 'Sugar', 'Cloves', 'Lemon Peel']",sour,"Boil sugar and spices in water, leave in the water for 30 minutes. Strain the spiced water and mix with the wine. Heat slowly until short of boiling temperature. (To remove alcohol, let it boil for a while.) You may add lemon or orange juice to taste. Serve in irish coffee cup."
Godchild,Ordinary Drink,Champagne flute,['Heavy Cream'],cream,"Shake all ingredients well with cracked ice, strain into a champagne flute, and serve."
Golden dream,Ordinary Drink,Cocktail glass,"['Orange Juice', 'Cream']",cream,Shake with cracked ice. Strain into glass and serve.
Grand Blue,Ordinary Drink,Old-fashioned glass,['Sweet And Sour'],sweet,Serve in an old fashioned glass.
Grass Skirt,Ordinary Drink,Old-fashioned glass,"['Pineapple Juice', 'Pineapple', 'Grenadine']",sweet,"In a shaker half-filled with ice cubes, combine the gin, triple sec, pineapple juice, and grenadine. Shake well. Pour into an old-fashioned glass and garnish with the pineapple slice."
Grasshopper,Ordinary Drink,Cocktail glass,['Light Cream'],cream,Pour ingredients into a cocktail shaker with ice. Shake briskly and then strain into a chilled cocktail glass.
Grim Reaper,Ordinary Drink,Old-fashioned glass,['Grenadine'],sweet,Mix Kahlua and 151 in glass. Quickly add ice and pour grenadine over ice to give ice red tint.
Grizzly Bear,Ordinary Drink,Collins Glass,['Milk'],cream,"Served over ice. Sounds nasty, but tastes great."
H.D.,Coffee / Tea,Beer mug,['Coffee'],bitter,Mix the whisky and Baileys Cream in a beer-glass (at least 50 cl). Fill the rest of the glass with coffee.
Happy Skipper,Ordinary Drink,Highball glass,"['Lime', 'Ginger Ale']",sweet,"Pour Captain Morgan's Spiced Rum over ice, fill glass to top with Ginger Ale. Garnish with lime. Tastes like a cream soda. Named for the Gilligan's Island reference (""The Captain"" *in* ""Ginger"" is a Happy Skipper!)"
Harvey Wallbanger,Ordinary Drink,Collins glass,['Orange Juice'],sweet,"Stir the vodka and orange juice with ice in the glass, then float the Galliano on top. Garnish and serve."
Havana Cocktail,Ordinary Drink,Cocktail glass,"['Pineapple Juice', 'Lemon Juice']",sour,"In a shaker half-filled with ice cubes, combine all of the ingredients. Shake well. Strain into a cocktail glass."
Hawaiian Cocktail,Ordinary Drink,Cocktail glass,['Pineapple Juice'],sweet,"Shake all ingredients with ice, strain into a cocktail glass, and serve."
Hemingway Special,Ordinary Drink,Cocktail glass,"['Lime Juice', 'Grapefruit Juice']",bitter,Pour all ingredients into a shaker with ice. Shake.
Herbal flame,Coffee / Tea,Mason jar,['Very Sweet Tea'],bitter,"Pour Hot Damn 100 in bottom of a jar or regular glass. Fill the rest of the glass with sweet tea. Stir with spoon, straw, or better yet a cinnamon stick and leave it in."
Highland Fling Cocktail,Ordinary Drink,Cocktail glass,['Olive'],salty,Stir all ingredients (except olive) with ice and strain into a cocktail glass. Add the olive and serve.
Horse's Neck,Ordinary Drink,Highball glass,"['Ginger Ale', 'Lemon Peel']",sour,"Pour brandy and ginger ale directly into highball glass with ice cubes. Stir gently. Garnish with lemon zest. If desired, add dashes of Angostura Bitter."
Hot Creamy Bush,Coffee / Tea,Irish coffee cup,['Coffee Hot'],bitter,Combine all ingredients in glass
Ice Pick #1,Ordinary Drink,Collins Glass,"['Lemon Juice', 'Iced Tea']",bitter,Put Vodka in glass fill with iced tea. Stir in lemon to taste.
Iced Coffee Fillip,Coffee / Tea,Coffee mug,['Coffee Cold'],bitter,Mix together in a coffee mug and chill before serving.
Imperial Cocktail,Cocktail,Cocktail glass,['Lime Juice'],sour,Shake with ice and strain into cocktail glass.
Imperial Fizz,Ordinary Drink,Highball glass,"['Lemon', 'Carbonated Water', 'Powdered Sugar']",sweet,"Shake all ingredients (except carbonated water) with ice and strain into a highball glass over two ice cubes. Fill with carbonated water, stir, and serve."
Irish Coffee,Coffee / Tea,Irish coffee cup,"['Whipped Cream', 'Sugar', 'Coffee']",bitter,"Heat the coffee, whiskey and sugar; do not boil. Pour into glass and top with cream; serve hot."
Irish Curdling Cow,Cocktail,Highball glass,['Orange Juice'],sweet,"Pour Irish Cream, Vodka, and Bourbon in a glass. Add some ice and mix in the orange juice."
Irish Russian,Beer,Highball glass,['Coca-Cola'],sweet,Add the ingredients in the order listed in the recipe. Care must be taken when adding the Guinness to prevent an excess of foam. Do Not add ice.
Irish Spring,Ordinary Drink,Collins glass,"['Sweet And Sour', 'Orange Juice', 'Orange', 'Cherry']",sweet,"Pour all ingredients (except orange slice and cherry) into a collins glass over ice cubes. Garnish with the slice of orange, add the cherry on top, and serve."
Jack Rose Cocktail,Ordinary Drink,Cocktail glass,"['Lime', 'Grenadine']",sweet,"Shake all ingredients with ice, strain into a cocktail glass, and serve."
Jack's Vanilla Coke,Other/Unknown,Old-fashioned glass,"['Vanilla Extract', 'Coca-Cola']",sweet,"After pouring in your ingredients, and adding 3-5 ice cubes, according to taste. Stir the drink with a stirrer to get the Vanilla off the bottom."
Jam Donut,Shot,Shot glass,"['Sugar Syrup', 'Sugar']",sweet,"Coat the rim of a shot glass with sugar using sugar syrup to stick. Add the Chambord raspberry liqueur to the shot glass, and carefully layer the Baileys Irish Cream on top. Serve."
Jamaica Kiss,Milk / Float / Shake,Hurricane glass,"['Milk', 'Coffee Liqueur']",bitter,Fill a tumbler with ice cubes. Add a shot of Tia Maria and a shot of Jamaican light rum. Fill the tumbler with milk. Blend until smooth and serve immediately.
Jamaican Coffee,Coffee / Tea,Champagne flute,"['Coffee', 'Water Cold', 'Whipped Cream']",cream,"Stir the rum, coffee and water together. Top with the whipped cream. Sprinkle with a pinch of well ground coffee and drink with a straw."
Japanese Fizz,Ordinary Drink,Highball glass,"['Egg White', 'Carbonated Water', 'Lemon', 'Powdered Sugar']",sweet,"Shake all ingredients (except carbonated water) with ice and strain into a highball glass over two ice cubes. Fill with carbonated water, stir, and serve."
Jello shots,Shot,Shot glass,"['Jello', 'Water']",water,"Boil 3 cups of water then add jello. Mix jello and water until jello is completely disolved. Add the two cups of vodka and mix together. Pour mixture into plastic shot glasses and chill until firm. Then, eat away..."
Jelly Bean,Shot,Cordial glass,['Anis'],spicy,mix equal parts in pony glass-tastes just like a jelly bean!
Jitterbug,Cocktail,Cocktail Glass,"['Lime Juice', 'Soda Water', 'Grenadine', 'Sugar Syrup', 'Sugar']",sweet,"Wet glass, dip rim in sugar. Then add Ice. Then add everything else. It's that simple!"
John Collins,Ordinary Drink,Collins glass,"['Orange', 'Club Soda', 'Maraschino Cherry', 'Lemon Juice', 'Sugar Superfine']",sweet,Pour all ingredients directly into highball glass filled with ice. Stir gently. Garnish. Add a dash of Angostura bitters.
Kamikaze,Ordinary Drink,Cocktail glass,['Lime Juice'],sour,"Shake all ingredients together with ice. Strain into glass, garnish and serve."
Karsk,Ordinary Drink,Highball glass,['Coffee'],bitter,"Put a copper coin in a coffe-cup and fill up with coffee until you no longer see the coin, then add alcohol until you see the coin. Norwegian speciality."
Kentucky Colonel,Ordinary Drink,Cocktail glass,['Lemon Peel'],sour,In a shaker half-filled with ice cubes combine the courbon and Benedictine. Shake and strain into a cocktail glass. Garnish with the lemon twist.
Kioki Coffee,Coffee / Tea,Coffee mug,['Coffee'],bitter,Stir. Add whipped cream to the top.
Kiss me Quick,Ordinary Drink,Highball glass,"['Apple Juice', 'Schweppes Russchian']",bitter,mix in the glass
Kool First Aid,Shot,Shot glass,['Kool-Aid Tropical'],sweet,"Add Kool Aid to a double shot glass, and top with rum. Slam and shoot."
Kool-Aid Shot,Shot,Old-fashioned glass,['Cranberry Juice'],sour,Pour into a large glass with ice and stir. Add a little cranberry juice to taste.
Kool-Aid Slammer,Shot,Shot glass,['Kool-Aid Grape'],sweet,"Fill half the shot glass with the kool-aid first. Then put a paper towel over the top of the glass and slowly pour in the vodka. If you do it right, you should be able to see that the two liquids are separated, with the vodka on top. Now slam it! The last thing you'll taste is the kool-aid."
Kurant Tea,Coffee / Tea,Champagne flute,['Turkish Apple Tea'],sweet,"Pour Absolut Kurant into a comfortably big tea-cup. Add the not too hot(!) apple tea and, if you like, some sugar. Enjoy!"
Lady Love Fizz,Ordinary Drink,Cocktail glass,"['Lemon', 'Light Cream', 'Carbonated Water', 'Powdered Sugar', 'Egg White']",egg,"Shake all ingredients (except carbonated water) with ice and strain into a cocktail glass over two ice cubes. Fill with carbonated water, stir, and serve."
Lemon Drop,Cocktail,Cocktail glass,['Lemon'],sour,Shake and strain into a chilled cocktail glass rimmed with sugar.
Lemon Shot,Shot,Shot glass,"['Sugar', 'Lemon']",sour,"Mix Galliano and Absolut Citron in a shot glass, lay lemon wedge sprinkled with sugar over glass and pour a rum over wedge and glass. light rum with a lighter and let burn for a second. Do shot quickly and suck on lemon. If it is done correctly, this will taste like a shot of sweet lemonade."
Loch Lomond,Ordinary Drink,Cocktail glass,['Lemon Peel'],sour,"In a mixing glass half-filled with ice cubes, combine the Scotch, Drambuie, and vermouth. Stir well. Strain into a cocktail glass. Garnish with the lemon twist."
Lone Tree Cooler,Ordinary Drink,Collins glass,"['Lemon Peel', 'Orange Spiral', 'Powdered Sugar', 'Carbonated Water']",water,"Stir powdered sugar and 2 oz. carbonated water in a collins glass. Fill glass with ice, add gin and vermouth, and stir. Fill with carbonated water and stir again. Add the twist of lemon peel and the orange spiral so that the end dangles over rim of glass."
Long Island Iced Tea,Ordinary Drink,Highball glass,"['Coca-Cola', 'Lemon Peel']",sour,Mix all contents in a highball glass and sitr gently. Add dash of Coca-Cola for the coloring and garnish with lemon or lime twist.
Long Island Tea,Ordinary Drink,Highball glass,"['Coca-Cola', 'Lemon']",sour,Combine all ingredients (except cola) and pour over ice in a highball glass. Add the splash of cola for color. Decorate with a slice of lemon and serve.
Long vodka,Ordinary Drink,Highball glass,"['Tonic Water Schweppes', 'Lime']",sour,"Shake a tall glass with ice cubes and Angostura, coating the inside of the glass. Por the vodka onto this, add 1 slice of lime and squeeze juice out of remainder, mix with tonic, stir and voila you have a Long Vodka"
Lunch Box,Beer,Pint glass,['Orange Juice'],sweet,Fill a pint glass almost full with beer. Then fill the rest with orange juice (careful not to fill it to the top). Then take the shot of Amaretto and drop it in.
Mai Tai,Ordinary Drink,Collins glass,"['Cherry', 'Orgeat Syrup', 'Sweet And Sour']",sweet,Shake all ingredients with ice. Strain into glass. Garnish and serve with straw.
Malibu Twister,Cocktail,Highball glass,"['Cranberry Juice', 'Tropicana']",sweet,"Add rum & trister then, add cranberry jucie,stir"
Manhattan,Cocktail,Cocktail glass,"['Maraschino Cherry', 'Orange Peel']",sweet,"Stirred over ice, strained into a chilled glass, garnished, and served up."
Margarita,Ordinary Drink,Cocktail glass,"['Lime Juice', 'Salt']",salty,"Rub the rim of the glass with the lime slice to make the salt stick to it. Take care to moisten only the outer rim and sprinkle the salt on it. The salt should present to the lips of the imbiber and never mix into the cocktail. Shake the other ingredients with ice, then carefully pour into the glass."
Martinez Cocktail,Cocktail,Cocktail glass,['Cherry'],sweet,Stir all ingredients (except cherry) with ice and strain into a cocktail glass. Top with the cherry and serve.
Martini,Cocktail,Cocktail glass,['Olive'],salty,"Straight: Pour all ingredients into mixing glass with ice cubes. Stir well. Strain in chilled martini cocktail glass. Squeeze oil from lemon peel onto the drink, or garnish with olive."
Mary Pickford,Cocktail,Cocktail glass,"['Maraschino Cherry', 'Pineapple Juice', 'Grenadine']",sweet,Shake and strain into a chilled large cocktail glass
Miami Vice,Cocktail,Cocktail glass,"['Pina Colada Mix', 'Daiquiri Mix']",sweet,"First: Mix pina colada with 2.5 oz. of rum with ice(set aside). Second: Mix daiquiri with 2.5 oz. of rum with ice. Third: While frozen, add pina colda mix then daiquiri mix in glass (Making sure they do not get mixed together)."
Midnight Cowboy,Ordinary Drink,Cocktail glass,['Heavy Cream'],cream,"In a shaker half-filled with ice cubes, combine all of the ingredients. Shake well. Strain into a cocktail glass."
Midnight Manx,Ordinary Drink,Old-fashioned glass,"['Heavy Cream', 'Coffee Hazlenut']",bitter,"Fill a mixer with ice and add Baileys, Kahlua, Goldshlager, and cream. Shake for 5 seconds and Strain into a double rocks glass filled with ice. Add chilled coffee Stir and enjoy!"
Midnight Mint,Cocktail,Cocktail glass,['Cream Double'],cream,"If available, rim cocktail (Martini) glass with sugar syrup then dip into chocolate flakes or powder. Add ingredients into shaker with ice. Shake well then strain into cocktail glass."
Mimosa,Ordinary Drink,Champagne flute,['Orange Juice'],sweet,"Ensure both ingredients are well chilled, then mix into the glass. Serve cold."
Mississippi Planters Punch,Ordinary Drink,Collins glass,"['Powdered Sugar', 'Lemon', 'Carbonated Water']",water,"Shake all ingredients (except carbonated water) with ice and strain into a collins glass over ice cubes. Fill with carbonated water, stir, and serve."
Mocha-Berry,Coffee / Tea,Irish coffee cup,"['Coffee', 'Cocoa Powder', 'Whipped Cream']",cream,"pour 6 oz. of coffee in a mug or Irish coffee cup. add coca mix and chambord, mix well and top off with whipped cream."
Mojito,Cocktail,Highball glass,"['Sugar', 'Mint', 'Lime', 'Soda Water']",sweet,Muddle mint leaves with sugar and lime juice. Add a splash of soda water and fill the glass with cracked ice. Pour the rum and top with soda water. Garnish and serve with straw.
Mojito #3,Cocktail,Collins glass,"['Club Soda', 'Lemon Juice', 'Mint']",mint,"Put mint with lemon juice in a glas, mash the mint with a spoon, ice, rum & fill up with club soda. Top it with Angostura."
Monkey Gland,Ordinary Drink,Cocktail glass,"['Grenadine', 'Orange Juice']",sweet,"Shake well over ice cubes in a shaker, strain into a chilled cocktail glass."
Monkey Wrench,Ordinary Drink,Old-fashioned glass,['Grapefruit Juice'],bitter,Pour all of the ingredients into an old-fashioned glass almost filled with ice cubes. Stir well.
Moranguito,Shot,Shot glass,['Grenadine'],sweet,"first you put rhe absinthe, then put tequila, then put the Granadine syrup."
Moscow Mule,Punch / Party Drink,Copper Mug,"['Lime Juice', 'Ginger Ale']",sweet,Combine vodka and ginger beer in a highball glass filled with ice. Add lime juice. Stir gently. Garnish.
Mother's Milk,Shot,Shot glass,['Milk'],cream,"Shake over ice, strain. Serves two."
Mudslinger,Punch / Party Drink,Punch bowl,"['Orange Juice', 'Pepsi Cola']",sweet,Add all contents to a large jug or punch bowl. Stir well!
Mulled Wine,Punch / Party Drink,Collins Glass,"['Water', 'Cinnamon', 'Cloves', 'Lemon Peel', 'Sugar']",sweet,"Simmer 3 cups water with, sugar, cloves, cinnamon sticks, and lemon peel in a stainless steel pot for 10 minutes. Add wine heat to a ""coffee temperature"" (DO NOT BOIL) then add the brandy."
National Aquarium,Ordinary Drink,Collins Glass,"['Sour Mix', 'Lemon-Lime Soda']",sweet,Pour all ingredients into a shaker of ice. Shake well. Serve on the rocks.
New York Lemonade,Cocktail,Cocktail glass,"['Club Soda', 'Lemon Juice Sweetened']",sour,Serve in a chilled cocktail glass. Lemon and sugar the rim. Stir and Strain.
New York Sour,Ordinary Drink,Whiskey sour glass,"['Cherry', 'Sugar', 'Lemon', 'Lemon']",sour,"Shake blended whiskey, juice of lemon, and powdered sugar with ice and strain into a whiskey sour glass. Float claret on top. Decorate with the half-slice of lemon and the cherry and serve."
Nutty Irishman,Milk / Float / Shake,Highball Glass,['Milk'],cream,Serve over ice
Old Fashioned,Cocktail,Old-fashioned glass,"['Water', 'Sugar']",sweet,"Place sugar cube in old fashioned glass and saturate with bitters, add a dash of plain water. Muddle until dissolved.
Fill the glass with ice cubes and add whiskey.

Garnish with orange twist, and a cocktail cherry."
Orange Crush,Shot,Shot glass,['Orange Juice'],sweet,Add all ingredients to tumbler-Pour as shot
Orange Oasis,Ordinary Drink,Highball glass,"['Orange Juice', 'Ginger Ale']",sweet,"Shake brandy, gin, and orange juice with ice and strain into a highball glass over ice cubes. Fill with ginger ale, stir, and serve."
Orange Push-up,Ordinary Drink,Hurricane glass,"['Orange Juice', 'Grenadine', 'Sour Mix']",sour,Combine liquors in a blender. Add a half scoop of ice and blend. Garnish with an orange and cherry flag. So good it will melt in your mouth!!!
Orange Whip,Other/Unknown,Collins Glass,"['Orange Juice', 'Cream']",cream,Pour ingredients over ice and stir.
Oreo Mudslide,Ordinary Drink,Collins Glass,"['Vanilla Ice-Cream', 'Oreo Cookie']",cream,"Blend Vodka, Kahlua, Bailey's, ice-cream and the Oreo well in a blender. Pour into a large frosted glass. Garnish with whipped cream and a cherry."
Orgasm,Ordinary Drink,Cocktail glass,['Light Cream'],cream,"Shake all ingredients with ice, strain into a chilled cocktail glass, and serve."
Owen's Grandmother's Revenge,Ordinary Drink,Highball glass,['Lemonade Frozen'],sour,Add ingredients and mix in blender.
Paradise,Ordinary Drink,Cocktail glass,['Orange Juice'],sweet,Shake together over ice. Strain into cocktail glass and serve chilled.
Pina Colada,Ordinary Drink,Collins glass,"['Coconut Milk', 'Pineapple']",sweet,"Mix with crushed ice in blender until smooth. Pour into chilled glass, garnish and serve."
Pink Lady,Ordinary Drink,Cocktail glass,"['Egg White', 'Grenadine', 'Light Cream']",cream,"Shake all ingredients with ice, strain into a cocktail glass, and serve."
Pink Panty Pulldowns,Ordinary Drink,Collins Glass,"['Sprite', 'Pink Lemonade']",sour,Shake well
Pink Penocha,Punch / Party Drink,Punch bowl,"['Cranberry Juice', 'Orange Juice']",sweet,mix all ingredients into bowl keep iced stir frequently
Pisco Sour,Cocktail,Cocktail glass,"['Lemon Juice', 'Sugar']",sweet,"Vigorously shake and strain contents in a cocktail shaker with ice cubes, then pour into glass and garnish with bitters.[1]"
Planter's Punch,Punch / Party Drink,Collins glass,"['Orange Juice', 'Orgeat Syrup', 'Pineapple Juice']",sweet,"Pour all ingredients, except the bitters, into shaker filled with ice. Shake well. Pour into large glass, filled with ice. Add Angostura bitters, ""on top"". Garnish with cocktail cherry and pineapple."
Popped cherry,Ordinary Drink,Highball glass,"['Cranberry Juice', 'Orange Juice']",sweet,Served over ice in a tall glass with a popped cherry (can add more popped cherries if in the mood)!
Port And Starboard,Ordinary Drink,Pousse cafe glass,['Grenadine'],sweet,"Pour carefully into a pousse-cafe glass, so that creme de menthe floats on grenadine. Serve without mixing."
Port Wine Flip,Ordinary Drink,Whiskey sour glass,"['Nutmeg', 'Powdered Sugar', 'Light Cream', 'Egg']",egg,Shake all ingredients (except nutmeg) with ice and strain into a whiskey sour glass. Sprinkle nutmeg on top and serve.
Porto flip,Ordinary Drink,Cocktail glass,['Egg Yolk'],egg,"Shake ingredients together in a mixer with ice. Strain into glass, garnish and serve."
Quaker's Cocktail,Ordinary Drink,Cocktail glass,"['Lemon', 'Raspberry Syrup']",sweet,"Shake all ingredients with ice, strain into a cocktail glass, and serve."
Quarter Deck Cocktail,Ordinary Drink,Cocktail glass,"['Lime', 'Sherry Cream']",cream,"Stir all ingredients with ice, strain into a cocktail glass, and serve."
Queen Bee,Ordinary Drink,Cocktail glass,['Sherry Cream'],cream,"Shake all ingredients with ice, strain into a cocktail glass, and serve."
Queen Charlotte,Ordinary Drink,Collins glass,"['Lemon-Lime Soda', 'Grenadine']",sweet,"Pour red wine and grenadine into a collins glass over ice cubes. Fill with lemon-lime soda, stir, and serve."
Quentin,Ordinary Drink,Cocktail glass,"['Light Cream', 'Nutmeg Grated']",spicy,"In a shaker half-filled with ice cubes, combine the rum, Kahlua, and cream. Shake well. Strain into a cocktail glass and garnish with the nutmeg."
Quick-sand,Ordinary Drink,Highball glass,['Orange Juice'],sweet,"Simply add the orange juice, quite a quick pour in order to mix the sambucca with the orange juice. The juice MUST have fruit pulp!"
Radler,Ordinary Drink,Highball glass,['7-Up'],sweet,"Pour beer into large mug, slowly add the 7-up (or Sprite)."
Raspberry Cooler,Other/Unknown,Highball glass,['Lemon-Lime Soda'],sweet,Pour the raspberry vodka and soda into a highball glass almost filled with ice cubes. Stir well.
Red Snapper,Shot,Old-fashioned glass,['Cranberry Juice'],sour,"One shot each, shake n shoot"
Rose,Ordinary Drink,Cocktail glass,"['Grenadine', 'Lemon Juice', 'Powdered Sugar']",sweet,"Shake together in a cocktail shaker, then strain into chilled glass. Garnish and serve."
Royal Fizz,Ordinary Drink,Collins glass,"['Egg', 'Coca-Cola', 'Sweet And Sour']",sweet,Shake all ingredients (except cola) with ice and strain into a chilled collins glass. Fill with cola and serve.
Royal Flush,Shot,Old-fashioned glass,['Cranberry Juice'],sour,Pour all the ingredients into tumbler over ice. Strain into glass.
Royal Gin Fizz,Ordinary Drink,Highball glass,"['Egg', 'Carbonated Water', 'Lemon', 'Powdered Sugar']",sweet,"Shake all ingredients (except carbonated water) with ice and strain into a highball glass over two ice cubes. Fill with carbonated water, stir, and serve."
Ruby Tuesday,Cocktail,Highball glass,"['Cranberry Juice', 'Grenadine']",sweet,Pour gin and cranberry into a highball filled with ice cubes. Add grenadine and stir.
Rum Cobbler,Ordinary Drink,Old-fashioned glass,"['Lemon', 'Sugar Superfine', 'Club Soda', 'Orange', 'Maraschino Cherry']",sweet,"In an old-fashioned glass, dissolve the sugar in the club soda. Add crushed ice until the glass is almost full. Add the rum. Stir well. Garnish with the cherry and the orange and lemon slices."
Rum Cooler,Ordinary Drink,Collins glass,"['Lemon', 'Lemon-Lime Soda']",sweet,Pour the rum and soda into a collins glass almost filled with ice cubes. Stir well and garnish with the lemon wedge.
Rum Milk Punch,Ordinary Drink,Collins glass,"['Powdered Sugar', 'Nutmeg', 'Milk']",cream,Shake all ingredients (except nutmeg) with ice and strain into a collins glass. Sprinkle nutmeg on top and serve.
Rum Old-fashioned,Ordinary Drink,Old-fashioned glass,"['Powdered Sugar', 'Lime Peel', 'Water']",water,"Stir powdered sugar, water, and bitters in an old-fashioned glass. When sugar has dissolved add ice cubes and light rum. Add the twist of lime peel, float 151 proof rum on top, and serve."
Rum Punch,Punch / Party Drink,Punch bowl,"['Orange Juice Frozen', 'Ginger Ale', 'Fruit Punch Frozen']",sweet,Mix all ingredients in a punch bowl and serve.
Rum Runner,Punch / Party Drink,Cocktail glass,"['Orange Juice', 'Pineapple Juice', 'Cranberry Juice']",sour,Mix all ingredients in glass & add ice.
Rum Screwdriver,Ordinary Drink,Highball glass,['Orange Juice'],sweet,"Pour rum into a highball glass over ice cubes. Add orange juice, stir, and serve."
Rum Sour,Ordinary Drink,Whiskey sour glass,"['Sugar Superfine', 'Lemon Juice', 'Maraschino Cherry', 'Orange']",sweet,"In a shaker half-filled with ice cubes, combine the rum, lemon juice, and sugar. Shake well. Strain into a sour glass and garnish with the orange slice and the cherry."
Rum Toddy,Ordinary Drink,Old-fashioned glass,"['Powdered Sugar', 'Lemon Peel', 'Water']",water,Dissolve powdered sugar in water in an old-fashioned glass. Add rum and one ice cube and stir. Add the twist of lemon peel and serve.
Russian Spring Punch,Ordinary Drink,Highball glass,"['Lemon Juice', 'Sugar Syrup']",sweet,"Pour the ingredients into an highball glass, top with Sparkling wine."
Rusty Nail,Ordinary Drink,Old-fashioned glass,['Lemon Peel'],sour,Pour the Scotch and Drambuie into an old-fashioned glass almost filled with ice cubes. Stir well. Garnish with the lemon twist.
Salty Dog,Ordinary Drink,Highball glass,"['Salt', 'Grapefruit Juice']",bitter,"Pour all ingredients over ice cubes in a highball glass. Stir well and serve. (Vodka may be substituted for gin, if preferred.)"
San Francisco,Ordinary Drink,Highball glass,"['Orange Juice', 'Grenadine']",sweet,"Take a tall glass and put in a few ice cubes, fill the vodka over it and fill with juice then the ""creme"", to end fill in the grenadine but very carefully at the side of the glass so it will lay down in the bottom. garnish with orange and strawberry."
Sangria #1,Punch / Party Drink,Pitcher,"['Orange Juice', 'Cinnamon', 'Cloves', 'Lemon Juice', 'Sugar']",sweet,Mix all together in a pitcher and refrigerate. Add cloves and cinnamon sticks to taste. Serve in wine glasses.
Sangria - The World's Best,Punch / Party Drink,Pitcher,"['Orange', 'Soda Water', 'Apple', 'Lemon', 'Sugar']",sweet,"Mix wine, sugar and fruit, and let sit in the fridge for 18-24 hours. The mixture will have a somewhat syrupy consistency. Before serving stir in brandy and cut the mixture with soda water until it have a thinner, more wine like consistency. Serve from a pitcher in wine glasses."
Sazerac,Ordinary Drink,Old-fashioned glass,"['Water', 'Lemon Peel', 'Sugar Superfine']",sweet,"Rinse a chilled old-fashioned glass with the absinthe, add crushed ice, and set it aside. Stir the remaining ingredients over ice and set it aside. Discard the ice and any excess absinthe from the prepared glass, and strain the drink into the glass. Add the lemon peel for garnish."
Scooter,Ordinary Drink,Cocktail glass,['Light Cream'],cream,"Shake all ingredients well with cracked ice, strain into a cocktail glass, and serve."
Scotch Cobbler,Ordinary Drink,Old-fashioned glass,"['Mint', 'Orange']",sweet,"Pour scotch, brandy, and curacao over ice in an old-fashioned glass. Add the orange slice, top with the mint sprig, and serve."
Scotch Sour,Ordinary Drink,Whiskey sour glass,"['Powdered Sugar', 'Lime', 'Lemon', 'Cherry']",sweet,"Shake scotch, juice of lime, and powdered sugar with ice and strain into a whiskey sour glass. Decorate with 1/2 slice lemon, top with the cherry, and serve."
Screwdriver,Ordinary Drink,Highball glass,['Orange Juice'],sweet,Mix in a highball glass with ice. Garnish and serve.
Sea breeze,Ordinary Drink,Highball glass,"['Grapefruit Juice', 'Cranberry Juice']",sour,Build all ingredients in a highball glass filled with ice. Garnish with lime wedge.
Sex on the Beach,Ordinary Drink,Highball glass,"['Grapefruit Juice', 'Cranberry Juice']",sour,Build all ingredients in a highball glass filled with ice. Garnish with orange slice.
Shanghai Cocktail,Ordinary Drink,Cocktail glass,"['Lemon', 'Grenadine', 'Anisette']",spicy,"Shake all ingredients with ice, strain into a cocktail glass, and serve."
Shark Attack,Cocktail,Pitcher,"['Lemonade', 'Water']",water,Mix lemonade and water according to instructions on back of can. If the instructions say to add 4 1/3 cans of water do so. Mix into pitcher. Add 1 1/2 cup of Vodka (Absolut). Mix well. Pour into glass of crushed ice. Excellent!
Sherry Eggnog,Ordinary Drink,Collins glass,"['Sherry Cream', 'Powdered Sugar', 'Egg', 'Milk', 'Nutmeg']",spicy,"Shake sherry, powdered sugar, and egg with ice and strain into a collins glass. Fill with milk and stir. Sprinkle nutmeg on top and serve."
Sherry Flip,Ordinary Drink,Whiskey sour glass,"['Light Cream', 'Powdered Sugar', 'Sherry Cream', 'Nutmeg', 'Egg']",egg,Shake all ingredients (except nutmeg) with ice and strain into a whiskey sour glass. Sprinkle nutmeg on top and serve.
Sidecar,Ordinary Drink,Cocktail glass,['Lemon Juice'],sour,Pour all ingredients into cocktail shaker filled with ice. Shake well and strain into cocktail glass.
Sidecar Cocktail,Ordinary Drink,Cocktail glass,['Lemon'],sour,"Shake all ingredients with ice, strain into a cocktail glass, and serve."
Singapore Sling,Ordinary Drink,Hurricane glass,"['Grenadine', 'Cherry', 'Carbonated Water', 'Sweet And Sour']",sweet,Pour all ingredients into cocktail shaker filled with ice cubes. Shake well. Strain into highball glass. Garnish with pineapple and cocktail cherry.
Smut,Punch / Party Drink,Beer mug,"['Orange Juice', 'Pepsi Cola']",sweet,Throw it all together and serve real cold.
Snakebite and Black,Beer,Pint glass,['Blackcurrant Squash'],sweet,Put blackcurrant squash in first up to about 1cm in glass. Then add the larger and cider one after another.
Snowball,Ordinary Drink,Highball glass,"['Lemon', 'Lemonade Cold']",sour,Place one ice cube in the glass and add 1 1/2 oz of Advocaat. Fill up the glass with lemonade and decorate with a slice of lemon. Serve at once.
Sol Y Sombra,Ordinary Drink,Brandy snifter,['Anisette'],spicy,"Shake ingredients with ice, strain into a brandy snifter, and serve. (The English translation of the name of this drink is ""Sun and Shade"", and after sampling this drink, you'll understand why. Thanks, Kirby.)"
Space Odyssey,Ordinary Drink,Highball glass,"['Grenadine', 'Cherries', 'Pineapple Juice', 'Orange Juice']",sweet,Fill glass with ice and add shots of Bacardi and Malibu. Add splash of pineapple juice and top with orange juice. Add grenadine for color and garnish with cherries.
Spritz,Ordinary Drink,Old-Fashioned glass,['Soda Water'],sweet,"Build into glass over ice, garnish and serve."
Stone Sour,Ordinary Drink,Whiskey sour glass,"['Sweet And Sour', 'Orange Juice']",sweet,"Shake all ingredients with ice, strain into a chilled whiskey sour glass, and serve."
Strawberry Daiquiri,Ordinary Drink,Cocktail glass,"['Strawberries', 'Powdered Sugar', 'Lime Juice']",sour,Pour all ingredients into shaker with ice cubes. Shake well. Strain in chilled cocktail glass.
Strawberry Margarita,Ordinary Drink,Cocktail glass,"['Strawberries', 'Lemon Juice', 'Salt']",salty,"Rub rim of cocktail glass with lemon juice and dip rim in salt. Shake schnapps, tequila, triple sec, lemon juice, and strawberries with ice, strain into the salt-rimmed glass, and serve."
Sunny Holiday Punch,Punch / Party Drink,Punch bowl,"['Berries', 'Orange Juice Frozen', 'Pineapple Juice', 'Club Soda', 'Lemon']",sour,Combine all ingredients in a punch bowl.
Swedish Coffee,Coffee / Tea,Coffee Mug,['Coffee'],bitter,Pour the coffee in an ordinary coffee cup. Add the aquavit. Add sugar by taste. Stir and have a nice evening (morning)
Sweet Tooth,Milk / Float / Shake,Highball Glass,['Milk'],cream,"Put 2 shots Godiva Liquour into a glass, add as much or as little milk as you would like."
Talos Coffee,Coffee / Tea,Brandy snifter,['Coffee'],bitter,Add your GM and then add your coffee.
Tennesee Mud,Coffee / Tea,Coffee Mug,"['Whipped Cream', 'Coffee']",bitter,"Mix Coffee, Jack Daniels and Amaretto. Add Cream on top."
Tequila Fizz,Ordinary Drink,Collins glass,"['Egg White', 'Grenadine', 'Lemon Juice', 'Ginger Ale']",sweet,"Shake all ingredients (except ginger ale) with ice and strain into a collins glass over ice cubes. Fill with ginger ale, stir, and serve."
Tequila Sour,Ordinary Drink,Whiskey sour glass,"['Lemon', 'Powdered Sugar', 'Cherry', 'Lemon']",sour,"Shake tequila, juice of lemon, and powdered sugar with ice and strain into a whiskey sour glass. Add the half-slice of lemon, top with the cherry, and serve."
Tequila Sunrise,Cocktail,Highball glass,"['Orange Juice', 'Grenadine']",sweet,"Pour the tequila and orange juice into glass over ice. Add the grenadine, which will sink to the bottom. Stir gently to create the sunrise effect. Garnish and serve."
Tequila Surprise,Shot,Shot glass,['Tabasco Sauce'],spicy,Fill shot glass with Tequila. Add drops of Tobasco sauce.
Texas Rattlesnake,Shot,Highball glass,['Sweet And Sour'],sweet,"Mix all ingredients and Shake well. Sweet at first, with a BITE at the end..."
Texas Sling,Milk / Float / Shake,Wine Glass,['Cream'],cream,"Blend with Ice until smooth. Serve in a tulip glass, top with whip cream."
Thriller,Ordinary Drink,Cocktail glass,['Orange Juice'],sweet,"In a shaker half-filled with ice cubes, combine all of the ingredients. Shake well. Strain into a cocktail glass."
Tom Collins,Ordinary Drink,Collins glass,"['Club Soda', 'Lemon Juice', 'Maraschino Cherry', 'Orange', 'Sugar Superfine']",sweet,"In a shaker half-filled with ice cubes, combine the gin, lemon juice, and sugar. Shake well. Strain into a collins glass alomst filled with ice cubes. Add the club soda. Stir and garnish with the cherry and the orange slice."
Tommy's Margarita,Ordinary Drink,Old-Fashioned glass,"['Lime Juice', 'Agave Syrup']",sweet,Shake and strain into a chilled cocktail glass.
Turf Cocktail,Ordinary Drink,Cocktail glass,"['Orange Peel', 'Anis']",spicy,Stir all ingredients (except orange peel) with ice and strain into a cocktail glass. Add the twist of orange peel and serve.
Turkeyball,Shot,Shot glass,['Pineapple Juice'],sweet,Shake with ice and strain into a shot glass.
Tuxedo Cocktail,Ordinary Drink,Cocktail glass,"['Anis', 'Cherry']",sweet,Stir all ingredients with ice and strain into a cocktail glass. Garnish with a cherry and a twist of lemon zest.
Valencia Cocktail,Ordinary Drink,Cocktail glass,['Orange Juice'],sweet,"Shake all ingredients with ice, strain into a cocktail glass, and serve."
Vampiro,Ordinary Drink,Old-Fashioned glass,"['Tomato Juice', 'Sugar Syrup', 'Salt', 'Orange Juice', 'Lime Juice']",sour,"Vampiros may be made in a tall glass or an old fashioned glass. Bartenders may first ""rim"" the glass with Kosher Salt, which is done by placing a layer of Kosher Salt on a chopping board, moistening the glass' rim with lime juice or water, and then placing the upside down glass rim onto the Kosher Salt, so that the salt sticks to the moistened rim. The second step is to fill half the glass with ice and add one or two shooter glasses full of high quality Tequila. The next stage is to add the flavouring elements. This is done by squeezing a fresh lime into the glass, adding a few grains of salt, adding citrus-flavoured soda pop, until the glass is 4/5 full, and then adding spicy Viuda de Sanchez (or orange juice, lime juice and pico de gallo). The final step is to stir the ingredients so that the flavours are properly blended."
Van Vleet,Ordinary Drink,Old-fashioned glass,"['Lemon Juice', 'Maple Syrup']",sweet,"Shake all ingredients with ice, strain into an old-fashioned glass over ice cubes, and serve."
Vermouth Cassis,Ordinary Drink,Highball glass,['Carbonated Water'],water,"Stir vermouth and creme de cassis in a highball glass with ice cubes. Fill with carbonated water, stir again, and serve."
Vesuvio,Ordinary Drink,Old-fashioned glass,"['Egg White', 'Powdered Sugar', 'Lemon']",sour,"Shake all ingredients with ice, strain into an old-fashioned glass over ice cubes, and serve."
Victory Collins,Ordinary Drink,Collins glass,"['Grape Juice Unsweetened', 'Lemon Juice', 'Powdered Sugar', 'Orange']",sweet,Shake all ingredients (except orange slice) with ice and strain into a collins glass over ice cubes. Add the slice of orange and serve.
Vodka And Tonic,Ordinary Drink,Highball glass,['Tonic Water'],water,"Pour vodka into a highball glass over ice cubes. Fill with tonic water, stir, and serve."
Vodka Fizz,Other/Unknown,White wine glass,"['Half-And-Half', 'Limeade', 'Nutmeg']",spicy,"Blend all ingredients, save nutmeg. Pour into large white wine glass and sprinkle nutmeg on top."
Vodka Martini,Ordinary Drink,Cocktail glass,['Olive'],salty,"Shake the vodka and vermouth together with a number of ice cubes, strain into a cocktail glass, add the olive and serve."
Vodka Russian,Ordinary Drink,Collins Glass,['Schweppes Russchian'],bitter,Mix it as a ordinary drink .
Waikiki Beachcomber,Ordinary Drink,Cocktail glass,['Pineapple Juice'],sweet,"Shake all ingredients with ice, strain into a cocktail glass, and serve."
Whiskey Sour,Ordinary Drink,Old-fashioned glass,"['Lemon', 'Lemon', 'Cherry', 'Powdered Sugar']",sweet,"Shake with ice. Strain into chilled glass, garnish and serve. If served 'On the rocks', strain ingredients into old-fashioned glass filled with ice."
White Lady,Ordinary Drink,Cocktail glass,['Lemon Juice'],sour,Add all ingredients into cocktail shaker filled with ice. Shake well and strain into large cocktail glass.
White Russian,Ordinary Drink,Old-fashioned glass,"['Light Cream', 'Coffee Liqueur']",bitter,Pour vodka and coffee liqueur over ice cubes in an old-fashioned glass. Fill with light cream and serve.
Whitecap Margarita,Other/Unknown,Margarita/Coupette glass,"['Lime Juice Fresh', 'Cream Of Coconut']",cream,Place all ingredients in a blender and blend until smooth. This makes one drink.
Wine Cooler,Punch / Party Drink,Collins Glass,['Lemon-Lime Soda'],sweet,Mix wine and soft drink. Pour into glass. Add ice.
Wine Punch,Punch / Party Drink,Collins Glass,"['Orange', 'Lemon', 'Pineapple Juice', 'Orange Juice']",sweet,Combine all of the ingredients and pour over a block of ice.
Yellow Bird,Cocktail,Cocktail glass,['Lime Juice'],sour,Shake and strain into a chilled cocktail glass
Zambeer,Soft Drink / Soda,Collins Glass,['Root Beer'],sweet,Mix sambuca with rootbeer and stir. Add ice
Zenmeister,Ordinary Drink,Collins Glass,['Root Beer'],sweet,Mix together and enjoy
Ziemes Martini Apfelsaft,Ordinary Drink,Collins Glass,['Apple Juice'],sweet,Serve without ice. At least the juice shold have room temperature.
Zinger,Soft Drink / Soda,Highball glass,['Surge'],sweet,Get a shot glass and pour in three shots of the schnapps. Do the same with the Surge Cola. Then down it like Scheetz would.
Zipperhead,Shot,Whiskey sour glass,['Soda Water'],sweet,"Fill glass with rocks, add straw before putting in liquor. Then add the ingredients in order, trying to keep layered as much as possible (i.e. Chambord on bottom, then Vodka, Then soda on top)."
Zippy's Revenge,Cocktail,Old-fashioned glass,['Kool-Aid Grape'],sweet,Mix Kool-Aid to taste then add Rum and ammaretto. shake well to disolve the sugar in the Kool-Aid... serve cold
Zizi Coin-coin,Punch / Party Drink,Margarita/Coupette glass,"['Lemon Juice', 'Lemon']",sour,"Pour 5cl of Cointreau on ice, add 2cl of fresh lemon (or lime) juice, stir gently, and finally add slices of lemon/lime in glass."
